<?xml version="1.0" encoding="UTF-8"?>
<project-private xmlns="http://www.netbeans.org/ns/project-private/1">
    <data xmlns="http://www.netbeans.org/ns/make-project-private/1">
        <activeConfTypeElem>1</activeConfTypeElem>
        <activeConfIndexElem>0</activeConfIndexElem>
    </data>
    <editor-bookmarks xmlns="http://www.netbeans.org/ns/editor-bookmarks/2" lastBookmarkId="0"/>
    <open-files xmlns="http://www.netbeans.org/ns/projectui-open-files/2">
        <group>
            <file>file:/C:/Users/usuario/Desktop/PA%20OB5/PA_Obligatorio_5-master/Visto.cpp</file>
            <file>file:/C:/Users/usuario/Desktop/PA%20OB5/PA_Obligatorio_5-master/Sistema.cpp</file>
            <file>file:/C:/Users/usuario/Desktop/PA%20OB5/PA_Obligatorio_5-master/InterfazGrafica.cpp</file>
            <file>file:/C:/Users/usuario/Desktop/PA%20OB5/PA_Obligatorio_5-master/main.cpp</file>
            <file>file:/C:/Users/usuario/Desktop/PA%20OB5/PA_Obligatorio_5-master/Usuario.cpp</file>
        </group>
    </open-files>
</project-private>
